Make,Model 
Honda,Amaze
Maruti Suzuki,Swift
Hyundai,i10
Toyota,Glanza
Toyota,Innova
Maruti Suzuki,Ciaz
Mercedes-Benz,CLA
BMW,X1
Skoda,Octavia
Nissan,Terrano
Hyundai,Elite
Renault,Kwid
Maruti Suzuki,Ciaz
Tata,Harrier
Volkswagen,Polo
Maruti Suzuki,Celerio
Maruti Suzuki,Alto
Maruti Suzuki,Baleno
Maruti Suzuki,Wagon
Hyundai,Creta
Maruti Suzuki,S-Presso
Volkswagen,Vento
Hyundai,Santro
Hyundai,Venue
Maruti Suzuki,Alto
Maruti Suzuki,Ritz
Hyundai,Creta
Honda,Brio
Hyundai,Elite
Honda,WR-V
Hyundai,Venue
Hyundai,Creta
Ford,Ecosport
Honda,CR-V
Hyundai,Santro
Tata,Tiago
Tata,Tigor
Toyota,Innova
Mercedes-Benz,GLC
Hyundai,Creta
Mercedes-Benz,M-Class
Toyota,Corolla
Audi,A4
Mercedes-Benz,SLK-Class
Hyundai,Elite
Mahindra,Thar
Maruti Suzuki,Baleno
Maruti Suzuki,Celerio
Maruti Suzuki,Ciaz
Maruti Suzuki,Ciaz
Hyundai,Creta
Hyundai,Creta
Renault,Kwid
MG,Hector
Tata,Tiago
Toyota,Innova
BMW,X3
Jeep,Compass
Mahindra,Scorpio
Honda,Brio
BMW,3-Series
Honda,City
Volkswagen,Polo
Maruti Suzuki,Vitara
Maruti Suzuki,Eeco
Hyundai,Grand
BMW,X3
Toyota,Fortuner
Honda,Civic
Audi,A4
Maruti Suzuki,Swift
Hyundai,Elite
Audi,A3
Honda,City
Ford,Figo
Honda,Jazz
Volkswagen,Polo
Honda,Amaze
Toyota,Camry
Mahindra,Thar
Mercedes-Benz,C-Class
Audi,Q3
Maruti Suzuki,Baleno
BMW,X1
Maruti Suzuki,Baleno
Hyundai,Creta
Volkswagen,Vento
Mercedes-Benz,C-Class
Toyota,Camry
Maruti Suzuki,DZire
Nissan,Terrano
Maruti Suzuki,Wagon
Maruti Suzuki,Vitara
BMW,X5
Mercedes-Benz,GLC
Porsche,Cayenne
Mercedes-Benz,C-Class
Hyundai,Elite
Hyundai,Verna
Honda,Amaze
Toyota,Corolla
Hyundai,Elite
Hyundai,Grand
Hyundai,Creta
Audi,A6
BMW,X1
Mahindra,XUV300
Maruti Suzuki,Swift
Honda,Brio
Mahindra,Thar
Honda,City
Mercedes-Benz,E-Class
Toyota,Fortuner
Tata,Zest
Skoda,Rapid
Maruti Suzuki,Alto
Maruti Suzuki,Ertiga
Hyundai,Santro
Ford,Figo
Audi,A3
Tata,Harrier
Hyundai,Elite
Hyundai,Elite
Volkswagen,Polo
Maruti Suzuki,Swift
Hyundai,Santro
Hyundai,Grand
Tata,Nexon
Hyundai,Creta
Audi,Q2
Audi,Q7
Hyundai,Elite
Hyundai,Verna
Maruti Suzuki,Wagon
BMW,5-Series
Mahindra,Scorpio
Hyundai,Grand
Toyota,Fortuner
Maruti Suzuki,Ritz
Audi,Q5
Renault,Duster
Maruti Suzuki,Swift
Hyundai,Creta
Hyundai,Grand
Jeep,Compass
Hyundai,Verna
Hyundai,i20
Mercedes-Benz,GLC
Audi,A6
Mahindra,Marazzo
Kia,Seltos
Maruti Suzuki,Baleno
Mercedes-Benz,E-Class
Maruti Suzuki,Ertiga
Hyundai,Verna
Hyundai,Verna
Land Rover,Discovery
Toyota,Fortuner
Mercedes-Benz,GLE
Hyundai,Xcent
Mercedes-Benz,S-Class
Hyundai,Creta
MG,Hector
MG,Astor
Honda,CR-V
Maruti Suzuki,Alto
Renault,Duster
Hyundai,Grand
Honda,City
Mercedes-Benz,C-Class
Hyundai,Elite
Skoda,Fabia
Skoda,Rapid
Kia,Sonet
Mahindra,XUV500
BMW,3-Series
Mercedes-Benz,GLA
Maruti Suzuki,Wagon
Audi,A6
Mahindra,Scorpio
BMW,5-Series
Toyota,Fortuner
Hyundai,Elite
Ford,Ecosport
Audi,Q7
Mercedes-Benz,C-Class
Maruti Suzuki,S-Presso
Mahindra,Scorpio
MG,Hector
Maruti Suzuki,Swift
Maruti Suzuki,Swift
Honda,City
Toyota,Innova
Renault,Duster
Audi,Q3
Mercedes-Benz,M-Class
Volvo,V40
BMW,5-Series
Maruti Suzuki,Swift
Mahindra,Scorpio
BMW,X5
Honda,City
Mercedes-Benz,C-Class
Hyundai,Creta
Mercedes-Benz,E-Class
Mercedes-Benz,M-Class
Maruti Suzuki,Alto
Hyundai,i20
Skoda,Rapid
Tata,Nexon
Maruti Suzuki,Swift
Maruti Suzuki,Swift
Kia,Sonet
Skoda,Rapid
Audi,RS5
Hyundai,Grand
Mercedes-Benz,R-Class
Toyota,Innova
Hyundai,Creta
Toyota,Fortuner
Honda,City
Renault,Kwid
Audi,A6
Tata,Safari
Audi,A6
Maruti Suzuki,Ritz
Honda,Brio
Maruti Suzuki,Swift
Mahindra,Scorpio
Toyota,Innova
Honda,Amaze
Mercedes-Benz,GLE
Jeep,Compass
Maserati,Levante
Toyota,Fortuner
Porsche,Cayenne
Toyota,Innova
BMW,X5
Toyota,Fortuner
Audi,Q7
Maruti Suzuki,Wagon
Maruti Suzuki,Alto
Maruti Suzuki,Ciaz
Maruti Suzuki,Swift
Hyundai,Verna
Mercedes-Benz,C-Class
Mercedes-Benz,E-Class
Tata,Nexon
Maruti Suzuki,Alto
Mahindra,XUV500
Tata,Harrier
Honda,Mobilio
Tata,Punch
Maruti Suzuki,Wagon
Hyundai,Grand
Honda,City
Maruti Suzuki,Baleno
Jaguar,F-Pace
BMW,X5
Land Rover,Range
Toyota,Fortuner
Renault,Kwid
BMW,X1
Audi,Q3
Maruti Suzuki,Wagon
Hyundai,Elite
BMW,3-Series
Mahindra,XUV500
Hyundai,Grand
Maruti Suzuki,Swift
Porsche,Cayenne
Nissan,Terrano
Renault,Kwid
Hyundai,Creta
Mahindra,Thar
Land Rover,Discovery
BMW,5-Series
Toyota,Glanza
Hyundai,Creta
Toyota,Innova
Volkswagen,Polo
Isuzu,MU-X
Maruti Suzuki,Alto
Toyota,Corolla
Hyundai,i10
Tata,Hexa
Hyundai,i10
Hyundai,Creta
Mercedes-Benz,GLS
Audi,Q3
Volkswagen,Polo
Maruti Suzuki,Ritz
Jaguar,XE
Tata,Safari
Audi,Q3
Maruti Suzuki,Alto
Jaguar,XF
Hyundai,Verna
Hyundai,Venue
Maruti Suzuki,Vitara
BMW,X3
Honda,WR-V
BMW,5-Series
Honda,Amaze
Tata,Harrier
Porsche,911
Maruti Suzuki,Wagon
Maruti Suzuki,Ciaz
Hyundai,Tucson
Volkswagen,Polo
Hyundai,i20
Volvo,V40
Toyota,Fortuner
Mercedes-Benz,C-Class
Honda,Jazz
Mercedes-Benz,S-Class
Honda,Jazz
BMW,3-Series
Land Rover,Evoque
Mahindra,Xylo
Hyundai,Venue
Volkswagen,Polo
Maruti Suzuki,Wagon
Mahindra,Scorpio
Audi,A4
Maruti Suzuki,Swift
Toyota,Innova
Jeep,Compass
Maruti Suzuki,Swift
Honda,WR-V
Honda,City
Volkswagen,Vento
Honda,Brio
Renault,Duster
BMW,5-Series
Ford,Fiesta
Mahindra,XUV500
BMW,5-Series
Tata,Nexon
Tata,Safari
Kia,Seltos
Porsche,Cayenne
BMW,X5
Ford,Ecosport
Hyundai,Grand
Hyundai,Elite
Toyota,Corolla
Hyundai,Elantra
Audi,Q3
Maruti Suzuki,Swift
Mahindra,XUV500
Mahindra,Thar
Maruti Suzuki,Swift
Maruti Suzuki,DZire
Toyota,Fortuner
BMW,5-Series
Honda,Amaze
Maruti Suzuki,Wagon
Maruti Suzuki,Vitara
Maruti Suzuki,Swift
Fiat,Linea
Hyundai,Creta
Honda,City
Hyundai,Tucson
Toyota,Innova
Audi,TT
Tata,Tiago
Maruti Suzuki,Swift
Honda,City
Maruti Suzuki,Alto
Audi,Q3
Mercedes-Benz,C-Class
Tata,Nexon
Ford,Ecosport
Honda,Jazz
Hyundai,i10
Honda,Amaze
Jeep,Compass
Mercedes-Benz,C-Class
Hyundai,Grand
Toyota,Fortuner
Honda,City
Hyundai,Xcent
Land Rover,Evoque
BMW,X3
Hyundai,Creta
Mahindra,Scorpio
MG,Astor
Tata,Grande
Toyota,Innova
Toyota,Etios
Honda,City
Mahindra,Scorpio
Skoda,Superb
Hyundai,i20
Mercedes-Benz,M-Class
Maruti Suzuki,Ciaz
Mercedes-Benz,E-Class
Mahindra,Thar
Honda,City
Honda,City
Maruti Suzuki,Baleno
Volvo,V40
Maruti Suzuki,Celerio
Maruti Suzuki,Wagon
Maruti Suzuki,Wagon
Maruti Suzuki,Wagon
Maruti Suzuki,Baleno
Renault,Kiger
Maruti Suzuki,Wagon
Mercedes-Benz,E-Class
Hyundai,Eon
Maruti Suzuki,Alto
Mercedes-Benz,S-Class
Maruti Suzuki,S-Presso
Toyota,Innova
Kia,Seltos
Hyundai,Creta
Skoda,Rapid
Hyundai,Elite
Honda,City
Tata,Nexon
Maruti Suzuki,Baleno
Mercedes-Benz,GLS
Audi,RS5
Toyota,Innova
Mercedes-Benz,GLC
Skoda,Superb
Maruti Suzuki,Alto
Ford,Figo
Maruti Suzuki,DZire
Maruti Suzuki,Celerio
Hyundai,Grand
Mercedes-Benz,E-Class
Renault,Duster
BMW,3-Series
Mahindra,Scorpio
Hyundai,Creta
Maruti Suzuki,Ertiga
Maruti Suzuki,Ritz
Hyundai,Grand
Honda,City
Mercedes-Benz,S-Class
Land Rover,Evoque
Mahindra,XUV500
Mercedes-Benz,CLA
Hyundai,Xcent
Maruti Suzuki,Wagon
Mercedes-Benz,E-Class
Skoda,Kodiaq
Tata,Hexa
Ford,Ecosport
Jaguar,F-Pace
Mercedes-Benz,CLA
Toyota,Innova
Maruti Suzuki,Swift
MINI,Countryman
Maruti Suzuki,DZire
Mahindra,Scorpio
Tata,Manza
Maruti Suzuki,Wagon
Audi,Q3
Maruti Suzuki,XL6
Ford,Aspire
Porsche,718
Maruti Suzuki,Swift
BMW,3-Series
Maruti Suzuki,Wagon
Hyundai,Verna
Hyundai,Eon
Maruti Suzuki,Grand
Hyundai,Grand
Mercedes-Benz,GLE
Mahindra,TUV300
Honda,City
BMW,X1
BMW,X1
Mercedes-Benz,S-Class
Audi,A6
Mercedes-Benz,GLC
BMW,3-Series
BMW,X5
Honda,City
Ferrari,488
Volkswagen,Tiguan
Land Rover,Evoque
Maruti Suzuki,Wagon
Maruti Suzuki,Zen
Honda,Brio
Mercedes-Benz,GLE
Maruti Suzuki,Wagon
Tata,Nano
Mahindra,Bolero
Maruti Suzuki,Swift
Hyundai,Creta
Mercedes-Benz,E-Class
Toyota,Corolla
Maruti Suzuki,S-Cross
Maruti Suzuki,Baleno
Mitsubishi,Pajero
Maruti Suzuki,Swift
Maruti Suzuki,Swift
Audi,Q3
Volkswagen,Vento
Ford,Endeavour
Tata,Tiago
Datsun,Go
Kia,Seltos
BMW,3-Series
Mercedes-Benz,C-Class
Lamborghini,Huracan
Mercedes-Benz,GLA
Mercedes-Benz,GLA
Mercedes-Benz,C-Class
Hyundai,Elite
Maruti Suzuki,Estilo
Maruti Suzuki,Wagon
Hyundai,Eon
Maruti Suzuki,Alto
Maruti Suzuki,Alto
Mercedes-Benz,GLE
Audi,Q3
Hyundai,i10
Maruti Suzuki,Alto
Hyundai,Elite
BMW,7-Series
Kia,Seltos
Mahindra,XUV500
Ford,Endeavour
Hyundai,Tucson
Toyota,Etios
Volkswagen,Vento
Maruti Suzuki,Ritz
Toyota,Fortuner
Maruti Suzuki,Ciaz
Maruti Suzuki,Vitara
Maruti Suzuki,S-Cross
Volkswagen,Polo
Honda,Amaze
Audi,A4
Ford,Ecosport
Honda,City
Mercedes-Benz,GLS
Tata,Harrier
BMW,5-Series
BMW,X1
BMW,X1
Honda,City
BMW,5-Series
Mercedes-Benz,GL-Class
Tata,Nexon
Honda,City
Mahindra,Scorpio
MG,Gloster
Maruti Suzuki,Swift
Audi,Q3
Maruti Suzuki,Alto
Datsun,Redigo
BMW,X3
Maruti Suzuki,Vitara
Maruti Suzuki,Alto
Maruti Suzuki,DZire
Hyundai,Venue
Maruti Suzuki,Swift
Maruti Suzuki,Swift
Tata,Grande
Mahindra,TUV300
Toyota,Innova
Audi,Q3
Mahindra,XUV500
Hyundai,Elite
Volkswagen,Vento
Maruti Suzuki,DZire
BMW,3-Series
Kia,Sonet
Mercedes-Benz,S-Class
Skoda,Superb
Mercedes-Benz,E-Class
Volkswagen,Polo
Maruti Suzuki,Vitara
Hyundai,Santro
Mercedes-Benz,E-Class
Land Rover,Range
MINI,Cooper
Ford,Endeavour
Renault,Duster
Maruti Suzuki,Vitara
Skoda,Rapid
Ford,Ecosport
Kia,Seltos
Maruti Suzuki,Eeco
Maruti Suzuki,Vitara
Ford,Ecosport
Honda,Jazz
Maruti Suzuki,S-Cross
Mercedes-Benz,E-Class
Hyundai,Elite
Maruti Suzuki,Wagon
Maruti Suzuki,Swift
Renault,Fluence
Audi,A4
Maruti Suzuki,Swift
Maruti Suzuki,Swift
Hyundai,Grand
Skoda,Kodiaq
Audi,A3
Maruti Suzuki,Swift
Hyundai,Grand
Toyota,Fortuner
Audi,A4
Honda,Jazz
Mercedes-Benz,GLC
Audi,A4
Mercedes-Benz,GLE
Mercedes-Benz,GL-Class
Maruti Suzuki,Celerio
Mahindra,Thar
Toyota,Fortuner
Hyundai,Eon
Maruti Suzuki,Swift
Kia,Seltos
Maruti Suzuki,Wagon
Maruti Suzuki,Vitara
Mahindra,XUV700
Maruti Suzuki,Wagon
Hyundai,Grand
Hyundai,Elite
Honda,City
Toyota,Fortuner
Hyundai,Verna
BMW,5-Series
Hyundai,i20
Maruti Suzuki,Alto
Volkswagen,Vento
Maruti Suzuki,XL6
BMW,X1
Mercedes-Benz,GL-Class
Kia,Seltos
Maruti Suzuki,Alto
Tata,Tigor
Maruti Suzuki,Baleno
Toyota,Corolla
Jaguar,XF
Audi,Q7
Maruti Suzuki,Alto
Mahindra,XUV500
Maruti Suzuki,Vitara
Maruti Suzuki,Swift
Volkswagen,Polo
Maruti Suzuki,Wagon
BMW,X1
Hyundai,Elantra
Honda,City
Maruti Suzuki,Ciaz
Nissan,Micra
Maruti Suzuki,DZire
Hyundai,Venue
Volkswagen,Tiguan
Toyota,Innova
Mercedes-Benz,GLA
Maruti Suzuki,Baleno
Hyundai,Creta
Hyundai,Eon
Honda,City
Mercedes-Benz,A-Class
Maruti Suzuki,Baleno
Hyundai,Creta
Mercedes-Benz,S-Class
Audi,A6
Hyundai,Verna
Hyundai,Alcazar
Honda,Amaze
Maruti Suzuki,Ertiga
Honda,Amaze
BMW,3-Series
Mercedes-Benz,E-Class
Honda,City
Land Rover,Evoque
Honda,WR-V
Audi,Q5
Mahindra,XUV300
Jaguar,XF
Mercedes-Benz,C-Class
Jeep,Compass
MG,Hector
Toyota,Fortuner
Toyota,Etios
Mahindra,XUV500
Hyundai,i10
Mahindra,XUV500
Mahindra,Scorpio
Land Rover,Range
Honda,City
Audi,A4
Honda,Brio
Chevrolet,Cruze
Hyundai,Creta
Maruti Suzuki,Ertiga
Mercedes-Benz,GLA
Hyundai,Sonata
Maruti Suzuki,DZire
Toyota,Innova
Honda,Amaze
Toyota,Innova
Honda,Jazz
Ford,Aspire
Maruti Suzuki,Swift
Maruti Suzuki,Ciaz
Maruti Suzuki,Celerio
Toyota,Urban
Hyundai,Creta
Audi,A3
Mahindra,XUV500
Hyundai,i10
Hyundai,Verna
Mahindra,Bolero
Hyundai,Elite
Audi,A4
Audi,A3
Skoda,Rapid
Hyundai,Grand
Audi,A3
Honda,Brio
Mercedes-Benz,C-Class
Mahindra,Scorpio
Toyota,Fortuner
Mercedes-Benz,E-Class
Jaguar,XF
Audi,A6
Jaguar,XF
Mitsubishi,Pajero
Toyota,Etios
Mahindra,Marazzo
Audi,A6
Audi,A3
Toyota,Innova
Nissan,Terrano
Hyundai,Grand
Toyota,Fortuner
Datsun,Go
Chevrolet,Cruze
Hyundai,Creta
BMW,X5
Mercedes-Benz,C-Class
Volvo,V40
Hyundai,Santro
Honda,City
MINI,Cooper
Mahindra,TUV300
Renault,Kwid
Mercedes-Benz,GLE
Hyundai,Creta
Maruti Suzuki,DZire
BMW,X1
Mahindra,Thar
Tata,Tiago
Mercedes-Benz,C-Class
MG,Gloster
Hyundai,Elite
BMW,X1
Mercedes-Benz,E-Class
Renault,Kwid
Maruti Suzuki,Vitara
Maruti Suzuki,Swift
Audi,A6
Honda,City
Hyundai,Santro
Mahindra,Scorpio
Hyundai,Grand
Honda,City
Maruti Suzuki,Baleno
BMW,3-Series
Mercedes-Benz,E-Class
Audi,Q3
BMW,X5
Mercedes-Benz,E-Class
Audi,Q7
Nissan,Sunny
Ford,Ecosport
BMW,3-Series
Mahindra,Thar
Maruti Suzuki,Baleno
Audi,A4
Maruti Suzuki,Ertiga
Hyundai,Creta
Porsche,718
BMW,3-Series
Hyundai,Creta
Mahindra,XUV500
Mercedes-Benz,GLC
Maruti Suzuki,DZire
Maruti Suzuki,Wagon
Honda,Brio
Land Rover,Range
Mercedes-Benz,GLE
Maruti Suzuki,Swift
Hyundai,Creta
Land Rover,Discovery
Hyundai,i20
Tata,Safari
Skoda,Octavia
Audi,A6
Hyundai,Creta
Mahindra,Thar
Audi,Q3
Maruti Suzuki,Vitara
Maruti Suzuki,Ciaz
Mercedes-Benz,GLA
Maruti Suzuki,Eeco
Hyundai,i20
Jaguar,XJ
Mercedes-Benz,E-Class
Volkswagen,Polo
BMW,7-Series
Hyundai,i20
Renault,Kwid
Hyundai,Tucson
Hyundai,i20
Nissan,Sunny
Land Rover,Evoque
Maruti Suzuki,Ertiga
Hyundai,Eon
Hyundai,Grand
Toyota,Corolla
Honda,City
Maruti Suzuki,Swift
Maruti Suzuki,Ciaz
Skoda,Octavia
Land Rover,Discovery
Honda,City
Mercedes-Benz,E-Class
Renault,Kwid
Maruti Suzuki,Ertiga
Volvo,V40
Maruti Suzuki,Baleno
MINI,Cooper
Toyota,Etios
Porsche,Panamera
Mercedes-Benz,GLE
Mercedes-Benz,A-Class
Mercedes-Benz,GLS
Hyundai,Creta
Honda,City
Maruti Suzuki,Baleno
Hyundai,Elite
Honda,Jazz
Mercedes-Benz,S-Class
Hyundai,Grand
Maruti Suzuki,Estilo
Hyundai,Elite
Mahindra,Scorpio
Audi,Q7
Toyota,Innova
Ssangyong,Rexton
BMW,X5
Honda,Amaze
BMW,5-Series
Audi,Q7
Hyundai,Elantra
Isuzu,MU-X
Maruti Suzuki,Eeco
Audi,A4
Toyota,Corolla
Hyundai,Grand
Tata,Tiago
Mercedes-Benz,C-Class
Mercedes-Benz,E-Class
Skoda,Rapid
BMW,5-Series
Mercedes-Benz,E-Class
Audi,Q7
BMW,5-Series
BMW,X5
Renault,Duster
Mercedes-Benz,S-Class
BMW,6-Series
Toyota,Fortuner
Maruti Suzuki,Wagon
Honda,Jazz
Toyota,Commuter
Jeep,Compass
Maruti Suzuki,Eeco
Hyundai,Elite
Maruti Suzuki,Swift
Maruti Suzuki,Baleno
Maruti Suzuki,Swift
Volkswagen,Polo
Maruti Suzuki,Celerio
Toyota,Corolla
Maruti Suzuki,Ciaz
Maruti Suzuki,Wagon
Mahindra,Scorpio
Honda,City
Jeep,Compass
Hyundai,i10
Audi,A4
Audi,Q7
Maruti Suzuki,Ciaz
Tata,Tigor
Toyota,Corolla
BMW,5-Series
Audi,A6
Volvo,XC60
Maruti Suzuki,Vitara
Volkswagen,Jetta
Mahindra,Scorpio
Maruti Suzuki,Alto
Honda,Amaze
Toyota,Fortuner
Tata,Nexon
Audi,A3
Hyundai,Grand
Ford,Endeavour
Mercedes-Benz,GLC
Hyundai,Xcent
Renault,Kwid
Ssangyong,Rexton
Honda,City
BMW,X3
Toyota,Fortuner
Datsun,Redigo
Hyundai,i10
Hyundai,i20
Renault,Kwid
Honda,City
Maruti Suzuki,DZire
Hyundai,Creta
Toyota,Innova
BMW,3-Series
Maruti Suzuki,Swift
Hyundai,Verna
Volkswagen,Polo
Volvo,V40
Nissan,Magnite
Maruti Suzuki,Celerio
Kia,Seltos
Hyundai,Santro
Hyundai,i20
Land Rover,Range
Toyota,Innova
BMW,5-Series
Maruti Suzuki,Ignis
Tata,Safari
Mercedes-Benz,E-Class
BMW,5-Series
Maruti Suzuki,Swift
Fiat,Punto
Audi,Q3
Honda,WR-V
Mercedes-Benz,C-Class
Audi,A3
Mercedes-Benz,GLA
Honda,City
Hyundai,Grand
Maruti Suzuki,S-Cross
Audi,A6
Maruti Suzuki,Eeco
Mahindra,XUV700
Audi,A7
Honda,City
Audi,Q7
Hyundai,Grand
Land Rover,Discovery
Toyota,Fortuner
Maruti Suzuki,Swift
Hyundai,Creta
Maruti Suzuki,Ertiga
Hyundai,Santro
Hyundai,Venue
Honda,City
Hyundai,Creta
Hyundai,Verna
Mercedes-Benz,C-Class
Maruti Suzuki,Swift
Volkswagen,Vento
Honda,City
Toyota,Innova
Rolls-Royce,Ghost
Audi,Q3
Skoda,Superb
Audi,Q3
Volkswagen,Polo
Honda,City
Hyundai,Creta
Hyundai,Elite
Mahindra,XUV300
Hyundai,Eon
Tata,Nexon
Hyundai,Verna
Maruti Suzuki,Swift
Land Rover,Discovery
Nissan,Teana
Honda,City
Ford,Figo
Toyota,Glanza
Mercedes-Benz,E-Class
Hyundai,Alcazar
Honda,City
Hyundai,Santa
Toyota,Innova
Toyota,Glanza
Maruti Suzuki,Wagon
Hyundai,Santa
Toyota,Innova
Audi,A6
Maruti Suzuki,Swift
Lexus,NX
Toyota,Innova
Mercedes-Benz,GLC
Maruti Suzuki,Vitara
Hyundai,Santro
Hyundai,Elite
Honda,City
Renault,Duster
Volkswagen,Taigun
Maruti Suzuki,Alto
Hyundai,i20
MG,Hector
Renault,Kwid
BMW,3-Series
Land Rover,Discovery
Mahindra,Thar
Honda,City
Hyundai,Elite
Toyota,Fortuner
Hyundai,Santa
Mahindra,Scorpio
Mercedes-Benz,C-Class
Audi,Q5
Hyundai,Verna
Renault,Kwid
Tata,Harrier
Mahindra,Thar
Volkswagen,Vento
Audi,A3
Ford,Mustang
Jaguar,F-Pace
Maruti Suzuki,Ritz
Maruti Suzuki,Alto
Maruti Suzuki,DZire
Skoda,Rapid
Skoda,Superb
MINI,Cooper
Toyota,Fortuner
Mahindra,Xylo
Maruti Suzuki,Vitara
Lexus,LX
Volvo,S60
Maruti Suzuki,Vitara
Porsche,Macan
Toyota,Fortuner
Maruti Suzuki,Wagon
Porsche,Macan
Maruti Suzuki,Baleno
Maruti Suzuki,Eeco
Maruti Suzuki,Baleno
Maruti Suzuki,Wagon
Maruti Suzuki,Ertiga
Maruti Suzuki,Wagon
Toyota,Glanza
Hyundai,i10
BMW,3-Series
Maruti Suzuki,Swift
Mercedes-Benz,S-Class
Maruti Suzuki,Vitara
Maruti Suzuki,S-Presso
Maruti Suzuki,Alto
Skoda,Rapid
Toyota,Fortuner
Audi,A3
Jeep,Compass
Mercedes-Benz,M-Class
Hyundai,Elite
Maruti Suzuki,Baleno
Hyundai,i20
Jeep,Compass
Maruti Suzuki,Swift
Land Rover,Discovery
Hyundai,i20
Hyundai,i20
BMW,5-Series
Mercedes-Benz,GLE
Audi,Q3
Kia,Seltos
Hyundai,Elantra
Maruti Suzuki,Wagon
Hyundai,Accent
Audi,Q5
Hyundai,Creta
Hyundai,i10
Maruti Suzuki,S-Presso
Toyota,Innova
Lexus,ES
Maruti Suzuki,Swift
Hyundai,i20
Honda,Civic
Audi,Q3
Mahindra,Scorpio
Maruti Suzuki,Ciaz
Renault,Duster
Maruti Suzuki,S-Presso
MINI,Countryman
Honda,City
Toyota,Fortuner
Toyota,Innova
Hyundai,Eon
Volkswagen,Polo
Honda,Amaze
Maruti Suzuki,Baleno
Mahindra,Scorpio
Hyundai,Grand
Maruti Suzuki,Eeco
Mercedes-Benz,C-Class
Hyundai,Elite
BMW,5-Series
Audi,A4
Honda,City
Maruti Suzuki,Swift
Maruti Suzuki,Swift
Maruti Suzuki,Eeco
Hyundai,Eon
Hyundai,Grand
Audi,A4
Maruti Suzuki,Swift
Ford,Ecosport
Renault,Duster
BMW,X5
Jaguar,XE
Mercedes-Benz,GLE
Volkswagen,Polo
Maruti Suzuki,Alto
Toyota,Yaris
Honda,WR-V
BMW,X1
Mahindra,Scorpio
Honda,Amaze
Maruti Suzuki,XL6
BMW,3-Series
Hyundai,Grand
BMW,2
Maruti Suzuki,Vitara
Volkswagen,Polo
Tata,Tiago
Land Rover,Evoque
Mahindra,Scorpio
Mercedes-Benz,GLC
BMW,7-Series
Volkswagen,Vento
Mercedes-Benz,M-Class
Land Rover,Discovery
Ford,Ikon
MINI,Cooper
Toyota,Corolla
Hyundai,Verna
Toyota,Vellfire
Maruti Suzuki,Celerio
Hyundai,Elantra
Honda,City
Renault,Duster
Maruti Suzuki,Celerio
Kia,Seltos
Jaguar,XJ
Hyundai,Verna
Hyundai,Verna
Audi,Q8
Maruti Suzuki,Swift
BMW,X4
Hyundai,i10
Honda,City
Maruti Suzuki,DZire
Tata,Harrier
Jeep,Compass
Hyundai,Verna
Maruti Suzuki,Wagon
Skoda,Rapid
Hyundai,Verna
Hyundai,Creta
BMW,5-Series
BMW,X6
Maruti Suzuki,XL6
Tata,Tigor
Hyundai,Verna
Audi,A6
Hyundai,Creta
Hyundai,i20
Honda,City
Audi,A3
Maruti Suzuki,Swift
Maruti Suzuki,Ciaz
Mahindra,XUV500
Hyundai,Elite
Mahindra,Thar
Hyundai,Elite
Hyundai,Creta
Audi,A4
BMW,X3
BMW,5-Series
Hyundai,Creta
Audi,Q7
Hyundai,Venue
Mahindra,XUV500
Datsun,Go
Hyundai,Venue
Hyundai,Elite
Honda,Amaze
Hyundai,i20
Maruti Suzuki,Baleno
Audi,Q3
Skoda,Kushaq
Hyundai,Verna
Mitsubishi,Pajero
Hyundai,Elite
MG,Hector
Hyundai,Creta
Maruti Suzuki,Swift
Toyota,Yaris
Skoda,Octavia
Maruti Suzuki,Swift
Hyundai,Creta
BMW,5-Series
Ford,Endeavour
BMW,3-Series
Maruti Suzuki,Ciaz
Honda,City
Maruti Suzuki,Wagon
Hyundai,i10
Ford,Ecosport
Audi,A6
Renault,Duster
Maruti Suzuki,Ertiga
Maruti Suzuki,Swift
Jaguar,XJ
Hyundai,Creta
Maruti Suzuki,Ertiga
Maruti Suzuki,Baleno
Ford,Endeavour
BMW,3-Series
Skoda,Kushaq
Kia,Sonet
Volkswagen,Tiguan
Skoda,Octavia
Skoda,Superb
Maruti Suzuki,Swift
Honda,Mobilio
Maruti Suzuki,Alto
Maruti Suzuki,Wagon
Rolls-Royce,Ghost
Mercedes-Benz,C-Class
Hyundai,Santa
Hyundai,Santro
Mercedes-Benz,C-Class
Maruti Suzuki,Swift
Maruti Suzuki,Celerio
Maruti Suzuki,Wagon
BMW,3-Series
Hyundai,i10
Maruti Suzuki,DZire
Renault,Kwid
Maruti Suzuki,S-Cross
Maruti Suzuki,Swift
Jeep,Compass
Land Rover,Discovery
Hyundai,Creta
Toyota,Corolla
Maruti Suzuki,Ciaz
Hyundai,Creta
Maruti Suzuki,Celerio
Maruti Suzuki,Swift
Maruti Suzuki,Wagon
Mercedes-Benz,CLA
Maruti Suzuki,Ciaz
Honda,WR-V
Honda,City
Maruti Suzuki,Swift
BMW,X1
Porsche,718
Maruti Suzuki,Swift
Maruti Suzuki,Celerio
Skoda,Kodiaq
Ford,Figo
Hyundai,Creta
Honda,City
Mercedes-Benz,E-Class
BMW,X5
Honda,Amaze
BMW,X1
Maruti Suzuki,Alto
Maruti Suzuki,Baleno
Maruti Suzuki,SX4
Toyota,Etios
Hyundai,Verna
Mercedes-Benz,C-Class
Toyota,Fortuner
Hyundai,i10
BMW,5-Series
Toyota,Fortuner
Lexus,ES
Maruti Suzuki,S-Cross
BMW,X5
Mahindra,TUV300
Hyundai,i20
Mercedes-Benz,C-Class
Maruti Suzuki,Alto
Mercedes-Benz,GLA
Mahindra,TUV300
Land Rover,Range
Ford,Endeavour
MG,Hector
Maruti Suzuki,Ertiga
Land Rover,Discovery
Hyundai,Verna
Jaguar,XF
Tata,Nexon
Land Rover,Range
Hyundai,Grand
MG,Hector
Honda,City
Hyundai,Santro
Maruti Suzuki,Baleno
Hyundai,Verna
Volkswagen,Polo
Mahindra,Scorpio
Jaguar,XJ
Maruti Suzuki,Alto
Maruti Suzuki,Baleno
Mercedes-Benz,M-Class
Maruti Suzuki,Alto
Toyota,Fortuner
Hyundai,Venue
Hyundai,Grand
Honda,Amaze
Nissan,Terrano
Maruti Suzuki,XL6
Audi,A3
Volkswagen,Polo
Mercedes-Benz,C-Class
Toyota,Fortuner
Hyundai,Santro
Hyundai,Creta
Toyota,Innova
Audi,A8
Honda,Jazz
Audi,Q7
Hyundai,Eon
Audi,Q3
Honda,City
Maruti Suzuki,Swift
Ford,Ecosport
Land Rover,Evoque
Hyundai,Elite
Datsun,Redigo
Hyundai,Grand
Volkswagen,Vento
Mercedes-Benz,GLE
Mercedes-Benz,GLC
Hyundai,Creta
Chevrolet,Captiva
Hyundai,Xcent
Ford,Ecosport
Maruti Suzuki,Vitara
Toyota,Innova
Audi,A3
Maruti Suzuki,Vitara
Maruti Suzuki,Swift
Maruti Suzuki,Wagon
Ford,Figo
Hyundai,Eon
Maruti Suzuki,Alto
Volkswagen,Vento
Rolls-Royce,Ghost
Mercedes-Benz,GLS
Skoda,Superb
Maruti Suzuki,Alto
Tata,Tiago
Honda,Jazz
Mahindra,Alturas
Mercedes-Benz,M-Class
Audi,A4
Kia,Carnival
Maruti Suzuki,Ertiga
Mercedes-Benz,GLA
Maruti Suzuki,Ciaz
Hyundai,Grand
Hyundai,Santro
Mahindra,Scorpio
Maruti Suzuki,Vitara
Tata,Tigor
BMW,X1
Porsche,Macan
Maruti Suzuki,Alto
Honda,City
Toyota,Innova
Mercedes-Benz,A-Class
Maruti Suzuki,Vitara
Volkswagen,Vento
Maruti Suzuki,Celerio
Honda,Civic
Audi,A4
BMW,5-Series
Hyundai,Santro
Skoda,Superb
Hyundai,Eon
MG,Hector
BMW,X5
Land Rover,Evoque
Maruti Suzuki,Alto
Hyundai,Grand
Ford,Figo
Hyundai,i10
Mahindra,Scorpio
Maruti Suzuki,Swift
BMW,X3
Hyundai,i10
Hyundai,Venue
Maruti Suzuki,Swift
Hyundai,Creta
Tata,Zest
Maruti Suzuki,Ertiga
Mahindra,XUV500
Volvo,V40
Maruti Suzuki,Baleno
Hyundai,Creta
Maruti Suzuki,S-Cross
Maruti Suzuki,Celerio
Hyundai,Elite
Maruti Suzuki,Alto
Mercedes-Benz,GLA
Audi,A6
BMW,5-Series
Maruti Suzuki,Alto
Maruti Suzuki,Eeco
Toyota,Innova
Lexus,ES
Honda,City
Tata,Safari
Maruti Suzuki,S-Cross
Honda,City
Hyundai,i10
Audi,A4
Maruti Suzuki,Alto
Audi,A4
Mahindra,Thar
Hyundai,i20
Kia,Seltos
Mercedes-Benz,C-Coupe
Mahindra,XUV500
Mahindra,TUV300
Audi,Q5
Mahindra,Thar
BMW,5-Series
Hyundai,Creta
Mercedes-Benz,GLC
BMW,3-Series
Mahindra,Thar
Hyundai,i20
BMW,X1
Mercedes-Benz,M-Class
Mercedes-Benz,GLA
Hyundai,Verna
Audi,Q7
Hyundai,Creta
Maruti Suzuki,Vitara
Maruti Suzuki,Estilo
Maruti Suzuki,Wagon
BMW,X1
BMW,X1
Audi,A6
Maruti Suzuki,Vitara
Honda,City
Honda,City
Skoda,Rapid
Renault,Pulse
Honda,Amaze
BMW,3-Series
Toyota,Innova
Maruti Suzuki,Swift
Maruti Suzuki,Swift
Nissan,Terrano
Tata,Tiago
Maruti Suzuki,Celerio
Maruti Suzuki,Ignis
Audi,Q3
Volkswagen,Polo
Maruti Suzuki,Baleno
Hyundai,Creta
Audi,Q7
Hyundai,Verna
MINI,Cooper
Maruti Suzuki,Swift
Hyundai,i10
Hyundai,Xcent
Maruti Suzuki,Alto
Honda,City
Mercedes-Benz,C-Class
Maruti Suzuki,Swift
Maruti Suzuki,Swift
Lexus,ES
Hyundai,Elite
Volkswagen,Polo
Hyundai,Grand
Skoda,Octavia
Mercedes-Benz,GLA
Mercedes-Benz,GLC
Maruti Suzuki,Ciaz
Hyundai,Grand
Maruti Suzuki,Alto
Honda,Amaze
Hyundai,Verna
Toyota,Fortuner
Mahindra,XUV500
Kia,Seltos
Mahindra,Scorpio
Hyundai,i10
Hyundai,Elite
Toyota,Fortuner
Hyundai,Creta
Honda,City
Hyundai,i10
Chevrolet,Cruze
BMW,X5
Volvo,S90
Hyundai,Xcent
Hyundai,Verna
Ford,Endeavour
Hyundai,Verna
Hyundai,Creta
Maruti Suzuki,Wagon
Honda,CR-V
Hyundai,i10
Toyota,Corolla
Maruti Suzuki,Vitara
Audi,A3
Maruti Suzuki,Baleno
Mercedes-Benz,E-Class
Volkswagen,Polo
Mercedes-Benz,C-Class
Volkswagen,Polo
Ford,Ecosport
Renault,Kwid
Hyundai,Verna
Ssangyong,Rexton
BMW,X1
Toyota,Innova
Audi,A3
Maruti Suzuki,DZire
Audi,Q7
Maruti Suzuki,Swift
Volkswagen,Ameo
Honda,City
Maruti Suzuki,SX4
Mercedes-Benz,E-Class
Maruti Suzuki,Ciaz
Tata,Harrier
Maruti Suzuki,Wagon
Hyundai,Grand
Hyundai,Grand
Honda,City
BMW,3-Series
Toyota,Fortuner
Hyundai,Creta
Tata,Harrier
Toyota,Innova
Hyundai,Elite
Mercedes-Benz,C-Class
Maruti Suzuki,Ciaz
Land Rover,Discovery
Toyota,Innova
Maruti Suzuki,Ertiga
Nissan,Sunny
Honda,Amaze
Volkswagen,Polo
Honda,Amaze
Hyundai,Xcent
Volkswagen,Vento
Maruti Suzuki,Ritz
Volkswagen,Vento
Mercedes-Benz,GLS
Audi,Q5
Honda,City
Audi,Q5
Hyundai,Grand
Hyundai,Verna
Audi,Q2
Mercedes-Benz,CLA
Mahindra,XUV500
Honda,City
Toyota,Etios
Hyundai,Tucson
Maruti Suzuki,Swift
Maruti Suzuki,Swift
Hyundai,i10
Mahindra,XUV300
Hyundai,Creta
Hyundai,Santro
Mahindra,Bolero
Ford,Ecosport
Chevrolet,Beat
Volvo,XC40
Maruti Suzuki,Alto
Maruti Suzuki,Vitara
Mercedes-Benz,GLC
Maruti Suzuki,S-Cross
Maruti Suzuki,Ertiga
Mercedes-Benz,E-Class
Mercedes-Benz,GLC
Audi,Q5
Honda,City
Audi,A3
Honda,Accord
Hyundai,Verna
Maruti Suzuki,Ertiga
BMW,5-Series
Honda,Amaze
Maruti Suzuki,Ciaz
Maruti Suzuki,Vitara
Maruti Suzuki,Swift
Mercedes-Benz,GL-Class
Audi,A6
Hyundai,i20
Mahindra,Scorpio
Audi,A4
Hyundai,Eon
Renault,Duster
Maruti Suzuki,Ertiga
Mercedes-Benz,A-Class
Hyundai,Elite
Hyundai,Creta
Jeep,Compass
Toyota,Innova
Land Rover,Discovery
Renault,Kwid
Mahindra,Bolero
Maruti Suzuki,Ertiga
Hyundai,i10
Maruti Suzuki,Ritz
Hyundai,Grand
Toyota,Innova
Mercedes-Benz,GLE
Maruti Suzuki,Ciaz
Maruti Suzuki,DZire
Datsun,Go
Mahindra,XUV500
Audi,A4
Maruti Suzuki,Ciaz
Toyota,Glanza
Maruti Suzuki,Wagon
Tata,Hexa
Toyota,Fortuner
Maruti Suzuki,Ritz
Volkswagen,Vento
Hyundai,Elite
Toyota,Innova
Mercedes-Benz,A-Class
Tata,Nexon
Hyundai,Elite
Hyundai,i10
Hyundai,i20
Jeep,Wrangler
Mahindra,XUV300
Toyota,Etios
Maruti Suzuki,Swift
Honda,Amaze
Mahindra,Scorpio
Hyundai,Venue
Maruti Suzuki,Alto
Honda,Amaze
Volkswagen,Ameo
MG,Hector
Maruti Suzuki,Wagon
Hyundai,i10
Maruti Suzuki,Celerio
Maruti Suzuki,Ciaz
Mercedes-Benz,GLE
Honda,City
Kia,Seltos
Hyundai,Aura
Hyundai,i10
BMW,3-Series
BMW,5-Series
Maruti Suzuki,Wagon
Honda,City
Renault,Duster
Maruti Suzuki,Ritz
BMW,5-Series
Maruti Suzuki,Swift
BMW,X1
Honda,Jazz
Land Rover,Discovery
Audi,Q3
BMW,5-Series
Toyota,Innova
Ford,Ecosport
Hyundai,Verna
Hyundai,i20
Toyota,Etios
Mahindra,Thar
Maruti Suzuki,Vitara
Maruti Suzuki,Alto
Hyundai,i10
Jaguar,XJ
Mahindra,XUV500
Hyundai,i10
Maruti Suzuki,Swift
Hyundai,i20
Skoda,Superb
Audi,A4
Maruti Suzuki,Swift
Hyundai,i20
Maruti Suzuki,Celerio
Mahindra,Thar
Maruti Suzuki,Wagon
Ford,Endeavour
Toyota,Fortuner
Mercedes-Benz,C-Class
Maruti Suzuki,Baleno
Renault,Duster
Maruti Suzuki,Celerio
Skoda,Octavia
BMW,5-Series
Honda,Jazz
Hyundai,Elite
Hyundai,Creta
Hyundai,Creta
Nissan,Terrano
Ford,Mustang
Hyundai,Creta
Maruti Suzuki,Celerio
Mercedes-Benz,CLS
Toyota,Fortuner
Honda,Amaze
Toyota,Innova
Mercedes-Benz,V-Class
Maruti Suzuki,Alto
Honda,City
Audi,A3
Mahindra,Scorpio
Hyundai,Venue
Maruti Suzuki,Wagon
Maruti Suzuki,Vitara
Maruti Suzuki,Swift
Maruti Suzuki,Ertiga
Mercedes-Benz,CLA
BMW,X7
Hyundai,Creta
Renault,Kwid
Hyundai,Verna
Audi,A4
BMW,X1
Ford,Endeavour
BMW,X3
Mahindra,TUV300
Hyundai,Elantra
Hyundai,Verna
Renault,Kiger
Toyota,Innova
Maruti Suzuki,Ciaz
Hyundai,Verna
Honda,City
Mahindra,Scorpio
Maruti Suzuki,Swift
Maruti Suzuki,Swift
Tata,Safari
Mahindra,XUV500
Maruti Suzuki,DZire
Hyundai,Grand
Volvo,S90
MINI,Cooper
Hyundai,Verna
Mercedes-Benz,S-Class
Honda,Jazz
Mercedes-Benz,GLE
Porsche,Panamera
Maruti Suzuki,Swift
Maruti Suzuki,Swift
MG,Hector
Volvo,XC60
BMW,X3
Mahindra,Scorpio
Volvo,XC90
Audi,A6
Mercedes-Benz,GLE
Mercedes-Benz,C-Class
Renault,Kwid
Mercedes-Benz,GLA
Mahindra,Thar
Maruti Suzuki,Celerio
Maruti Suzuki,Alto
Mahindra,Thar
Maruti Suzuki,Ertiga
Mitsubishi,Pajero
Toyota,Fortuner
Hyundai,Grand
Hyundai,Creta
Hyundai,Verna
Mercedes-Benz,C-Class
Mercedes-Benz,E-Class
Mahindra,Quanto
Maruti Suzuki,Celerio
Jeep,Compass
Maruti Suzuki,S-Cross
Maruti Suzuki,Celerio
Maruti Suzuki,Wagon
Mercedes-Benz,S-Class
Porsche,Cayenne
Toyota,Etios
Toyota,Innova
Honda,Jazz
Maruti Suzuki,Swift
Maruti Suzuki,SX4
Mahindra,XUV500
Maruti Suzuki,Ciaz
Tata,Hexa
Audi,Q3
BMW,2
Maruti Suzuki,Alto
Audi,A4
Mercedes-Benz,A-Class
Maruti Suzuki,Vitara
Toyota,Corolla
Maruti Suzuki,Baleno
Maruti Suzuki,Swift
Toyota,Innova
Mahindra,Scorpio
Mahindra,XUV500
Maruti Suzuki,Baleno
Honda,WR-V
Mahindra,Quanto
Honda,City
Renault,Kwid
Maruti Suzuki,Swift
Audi,A4
Skoda,Octavia
Hyundai,Alcazar
Kia,Seltos
Toyota,Fortuner
Hyundai,Grand
Audi,A6
Honda,City
Mahindra,XUV500
BMW,5-Series
Audi,A6
Hyundai,Creta
Renault,Kwid
Nissan,Terrano
Skoda,Rapid
Honda,Jazz
Tata,Nexon
Hyundai,Elite
Mahindra,XUV500
Maruti Suzuki,Ertiga
Hyundai,Verna
Honda,BR-V
Mahindra,TUV300
Maruti Suzuki,Vitara
Volvo,V40
Maruti Suzuki,Celerio
Skoda,Octavia
Honda,City
Hyundai,Xcent
Maruti Suzuki,Zen
Toyota,Innova
Maruti Suzuki,Ritz
Skoda,Rapid
Hyundai,Verna
Maruti Suzuki,Alto
BMW,X5
Hyundai,Verna
Ford,Aspire
MINI,Cooper
Audi,A6
Hyundai,Alcazar
Kia,Seltos
Hyundai,Grand
Toyota,Innova
Maruti Suzuki,Alto
Maruti Suzuki,Alto
Maruti Suzuki,Alto
Hyundai,Verna
BMW,5-Series
Maruti Suzuki,Wagon
Volkswagen,Polo
Maruti Suzuki,Vitara
BMW,X3
Audi,Q3
Nissan,Terrano
Hyundai,Eon
Maruti Suzuki,DZire
Mahindra,Scorpio
Mercedes-Benz,GLA
Tata,Tiago
Mercedes-Benz,S-Class
Mahindra,Thar
Hyundai,i10
Ford,Endeavour
Maruti Suzuki,Celerio
Chevrolet,Spark
Hyundai,Grand
Honda,CR-V
Maruti Suzuki,Alto
Maruti Suzuki,Swift
Audi,Q3
Maruti Suzuki,Alto
Renault,Kwid
Hyundai,i20
Ford,Ecosport
Mercedes-Benz,B-class
MG,ZS
Hyundai,Xcent
Honda,City
Hyundai,Creta
Audi,A3
Hyundai,Verna
Mercedes-Benz,S-Class
Maruti Suzuki,Swift
Mercedes-Benz,E-Class
Skoda,Octavia
Hyundai,Santro
Maruti Suzuki,Ertiga
Ford,Endeavour
Jaguar,XE
Toyota,Fortuner
Toyota,Corolla
Tata,Altroz
Volvo,XC40
Maruti Suzuki,Ciaz
Honda,WR-V
Hyundai,i10
Maruti Suzuki,Swift
Porsche,Cayenne
Maruti Suzuki,Alto
Hyundai,Verna
Hyundai,Eon
Audi,A6
Mahindra,Scorpio
Maruti Suzuki,Wagon
Tata,Nexon
Honda,City
Maruti Suzuki,Celerio
MG,Hector
Mahindra,Bolero
Hyundai,Creta
Maruti Suzuki,Wagon
Mahindra,KUV100
Honda,City
Mahindra,Bolero
Hyundai,Verna
Honda,Amaze
Hyundai,Venue
Hyundai,Creta
Hyundai,i10
Maruti Suzuki,XL6
Maruti Suzuki,Ertiga
BMW,X5
Renault,Kwid
Maruti Suzuki,Baleno
Hyundai,Elite
Renault,Kwid
Toyota,Innova
Nissan,Sunny
Mercedes-Benz,GLE
Honda,Brio
Maruti Suzuki,Vitara
Maruti Suzuki,Swift
Maruti Suzuki,Wagon
Maruti Suzuki,Ciaz
Maruti Suzuki,Swift
Mercedes-Benz,CLA
Mahindra,Thar
Land Rover,Discovery
Ford,Ecosport
Mercedes-Benz,E-Class
Land Rover,Range
Mercedes-Benz,GLE
Mercedes-Benz,C-Class
Maruti Suzuki,Ciaz
Maruti Suzuki,Ignis
Ford,Ecosport
Mercedes-Benz,GLC
Maruti Suzuki,Ritz
BMW,X5
Maruti Suzuki,Wagon
Renault,Kwid
Skoda,Rapid
Maruti Suzuki,Swift
Honda,Brio
Hyundai,Grand
Maruti Suzuki,Wagon
Ford,Fiesta
Mercedes-Benz,GLA
Maruti Suzuki,Wagon
Maruti Suzuki,Wagon
Toyota,Fortuner
Toyota,Innova
Maruti Suzuki,Vitara
Maruti Suzuki,Alto
Hyundai,Xcent
Maruti Suzuki,Vitara
Honda,City
Maruti Suzuki,Ciaz
Hyundai,Grand
Jeep,Compass
Jeep,Compass
Honda,City
Volkswagen,Vento
Mercedes-Benz,E-Class
Maruti Suzuki,Swift
Maruti Suzuki,Celerio
Mercedes-Benz,E-Class
BMW,X5
Audi,A4
Audi,A4
Datsun,Redigo
BMW,X3
Maruti Suzuki,Swift
MINI,Countryman
Mahindra,XUV500
Mahindra,XUV500
Mahindra,Bolero
Ford,Ecosport
BMW,X5
Hyundai,Creta
Toyota,Fortuner
Kia,Seltos
Mahindra,XUV500
Tata,Safari
Honda,Accord
Toyota,Etios
Hyundai,Eon
Honda,City
Toyota,Etios
Kia,Sonet
Maruti Suzuki,Swift
Land Rover,Range
Mercedes-Benz,E-Class
Maruti Suzuki,Swift
Maruti Suzuki,Wagon
Toyota,Fortuner
Honda,City
Jeep,Compass
Mercedes-Benz,B-class
Honda,City
Mercedes-Benz,C-Class
Chevrolet,Sail
Mercedes-Benz,C-Class
Mahindra,XUV700
Maruti Suzuki,Wagon
Maruti Suzuki,Vitara
Honda,City
Hyundai,Grand
Mercedes-Benz,GLS
Hyundai,Creta
Maruti Suzuki,Vitara
Hyundai,i20
Maruti Suzuki,Ritz
Mahindra,XUV500
Hyundai,Eon
Ford,Figo
BMW,5-Series
Mahindra,Bolero
